City_ID,City,Country,Lat,Lng,Max Temp,Humidity,Cloudiness,Wind Speed,Current Description
0,Punta Arenas,CL,-53.15,-70.9167,50.11,66,0,23.02,clear sky
1,Atuona,PF,-9.8,-139.0333,78.06,77,81,18.63,light rain
2,Nanortalik,GL,60.1432,-45.2371,36.05,86,97,5.88,overcast clouds
3,Aksum,ET,14.1245,38.7244,58.17,36,24,4.43,few clouds
4,Coquimbo,CL,-29.9533,-71.3436,64.13,63,0,14.97,clear sky
5,Tezu,IN,27.9167,96.1667,73.65,81,51,4.29,broken clouds
6,Young,UY,-32.6833,-57.6333,72.23,47,1,7.4,clear sky
7,Puerto Ayora,EC,-0.7393,-90.3518,78.76,84,96,7.0,light rain
8,Butaritari,KI,3.0707,172.7902,81.41,73,12,12.12,few clouds
9,Sao Filipe,CV,14.8961,-24.4956,78.73,78,0,10.4,clear sky
10,Qaanaaq,GL,77.484,-69.3632,24.48,84,100,9.53,overcast clouds
11,Yellowknife,CA,62.456,-114.3525,36.41,99,100,8.01,overcast clouds
12,Saint George,US,37.1041,-113.5841,79.27,23,1,1.99,clear sky
13,Souillac,MU,-20.5167,57.5167,73.36,77,85,14.81,overcast clouds
14,Hithadhoo,MV,-0.6,73.0833,81.7,79,78,12.84,broken clouds
15,Hobart,AU,-42.8794,147.3294,51.66,80,75,1.99,broken clouds
16,Mataura,NZ,-46.1927,168.8643,49.6,99,100,6.24,overcast clouds
17,Olafsvik,IS,64.8945,-23.7142,35.01,96,100,18.97,light snow
18,Hasaki,JP,35.7333,140.8333,50.4,58,72,20.8,broken clouds
19,Brae,GB,60.3964,-1.353,48.11,75,58,12.1,broken clouds
20,East London,ZA,-33.0153,27.9116,56.91,67,18,15.75,light rain
21,Ushuaia,AR,-54.8,-68.3,45.77,83,100,8.9,overcast clouds
22,Asau,RO,46.4333,26.4,45.95,86,72,3.42,light rain
23,Faanui,PF,-16.4833,-151.75,80.11,78,2,17.0,light rain
24,Victoria,HK,22.2855,114.1577,72.25,79,96,1.01,overcast clouds
25,Dawson Creek,CA,55.7666,-120.2362,35.24,80,90,6.91,overcast clouds
26,Ahipara,NZ,-35.1667,173.1667,61.75,91,22,6.35,few clouds
27,Ngunguru,NZ,-35.6167,174.5,61.16,90,78,5.91,broken clouds
28,Cape Town,ZA,-33.9258,18.4232,57.27,66,0,1.01,clear sky
29,Pevek,RU,69.7008,170.3133,8.58,98,71,2.89,broken clouds
30,Rikitea,PF,-23.1203,-134.9692,75.63,73,8,13.89,clear sky
31,Nyurba,RU,63.2842,118.3319,21.54,77,100,8.32,overcast clouds
32,Saint-Philippe,RE,-21.3585,55.7679,71.15,80,46,14.7,scattered clouds
33,Busselton,AU,-33.65,115.3333,49.05,79,23,7.49,few clouds
34,Bandar-E Lengeh,IR,26.5579,54.8807,85.51,49,0,4.76,clear sky
35,Upernavik,GL,72.7868,-56.1549,23.14,54,100,4.9,overcast clouds
36,Mindelo,CV,16.8901,-24.9804,80.15,65,0,13.8,clear sky
37,Kaitangata,NZ,-46.2817,169.8464,49.68,95,100,5.86,overcast clouds
38,Bethel,US,41.3712,-73.414,63.19,57,20,9.22,few clouds
39,Manokwari,ID,-0.8667,134.0833,79.63,71,89,3.56,overcast clouds
40,Waipawa,NZ,-41.4122,175.5153,57.83,72,5,18.12,clear sky
41,Karaton,ID,-6.3424,106.1045,78.96,89,99,2.64,overcast clouds
42,Sakakah,SA,29.9697,40.2064,76.82,21,45,10.18,scattered clouds
43,Jieshi,CN,22.8134,115.8257,67.95,80,50,9.71,scattered clouds
44,Cidreira,BR,-30.1811,-50.2056,63.5,66,16,6.62,few clouds
45,Manjakandriana,MG,-18.9167,47.8,55.09,99,33,2.48,scattered clouds
46,Flinders,AU,-34.5833,150.8552,60.39,78,63,1.01,broken clouds
47,Luchegorsk,RU,46.4764,134.2569,24.76,50,41,4.99,scattered clouds
48,Marawi,PH,7.9986,124.2928,66.65,94,23,2.17,few clouds
49,Zhaotong,CN,27.3167,103.7167,47.95,94,100,3.85,overcast clouds
50,Chuy,UY,-33.6971,-53.4616,60.94,53,2,8.72,clear sky
51,Taoudenni,ML,22.6783,-3.9836,90.37,13,100,11.86,overcast clouds
52,Lebu,CL,-37.6167,-73.65,55.35,72,0,19.3,clear sky
53,Gunjur,GM,13.2019,-16.7339,80.67,89,40,5.75,scattered clouds
54,Norman Wells,CA,65.282,-126.8329,27.23,83,50,2.19,scattered clouds
55,Kichmengskiy Gorodok,RU,59.9816,45.7854,41.32,71,99,12.53,overcast clouds
56,Nakamura,JP,32.9833,132.9333,52.81,84,97,3.8,overcast clouds
57,Petropavlovsk-Kamchatskiy,RU,53.0452,158.6483,34.39,93,75,6.71,light intensity shower rain
58,Port Alfred,ZA,-33.5906,26.891,55.33,71,49,14.83,light rain
59,Inirida,CO,3.8653,-67.9239,89.26,56,89,0.25,overcast clouds
60,Kieta,PG,-6.2167,155.6333,80.67,78,94,4.34,overcast clouds
61,Jamestown,US,42.097,-79.2353,53.19,89,55,5.01,light rain
62,Svetlogorsk,BY,52.6333,29.7333,41.13,76,93,8.32,overcast clouds
63,Nuuk,GL,64.1835,-51.7216,32.88,74,0,9.22,clear sky
64,Ribeira Grande,PT,38.5167,-28.7,72.0,88,75,18.41,broken clouds
65,Tessalit,ML,20.1986,1.0114,87.46,10,0,7.76,clear sky
66,Hilo,US,19.7297,-155.09,78.28,90,90,8.05,moderate rain
67,San Carlos De Bariloche,AR,-41.1456,-71.3082,62.35,25,0,14.97,clear sky
68,Makakilo City,US,21.3469,-158.0858,82.72,56,75,13.8,broken clouds
69,Georgetown,MY,5.4112,100.3354,78.89,90,100,0.0,overcast clouds
70,Ostrovnoy,RU,68.0531,39.5131,37.98,87,96,5.73,overcast clouds
71,Dunedin,NZ,-45.8742,170.5036,55.8,81,100,1.99,overcast clouds
72,Albany,US,42.6001,-73.9662,57.58,80,99,1.01,light rain
73,Comodoro Rivadavia,AR,-45.8667,-67.5,58.86,33,0,14.97,clear sky
74,Aksu,CN,41.1231,80.2644,50.95,24,98,2.19,overcast clouds
75,Cabo San Lucas,MX,22.8909,-109.9124,91.62,66,2,8.97,clear sky
76,Saskylakh,RU,71.9167,114.0833,15.75,90,100,11.1,overcast clouds
77,Eskisehir,TR,39.7767,30.5206,52.16,88,91,8.48,overcast clouds
78,Vestmannaeyjar,IS,63.4427,-20.2734,40.55,84,100,38.59,heavy intensity rain
79,Rocha,UY,-34.4833,-54.3333,61.11,61,6,8.32,clear sky
80,Chokurdakh,RU,70.6333,147.9167,-7.42,100,100,2.71,overcast clouds
81,Bhan,PK,26.5583,67.7214,81.43,10,0,0.85,clear sky
82,Awbari,LY,26.5921,12.7805,79.12,15,5,2.68,clear sky
83,Tuktoyaktuk,CA,69.4541,-133.0374,27.16,75,57,10.25,broken clouds
84,Black River,JM,18.0264,-77.8487,85.98,65,98,4.21,overcast clouds
85,Bengkulu,ID,-3.8004,102.2655,75.29,94,100,7.58,moderate rain
86,Mahebourg,MU,-20.4081,57.7,73.26,75,47,16.78,scattered clouds
87,Tiarei,PF,-17.5333,-149.3333,82.42,79,49,21.3,light rain
88,Kangalassy,RU,62.3464,129.9628,17.53,96,57,4.61,broken clouds
89,Xalpatlahuac,MX,17.4667,-98.6167,74.23,51,98,6.71,overcast clouds
90,Vila Velha,BR,-20.3297,-40.2925,73.33,90,99,10.45,overcast clouds
91,Were Ilu,ET,10.6,39.4333,47.98,66,7,5.44,clear sky
92,Thompson,CA,55.7435,-97.8558,47.95,56,98,7.14,overcast clouds
93,Murray Bridge,AU,-35.1167,139.2667,60.69,81,100,5.86,overcast clouds
94,Vanino,RU,49.0869,140.2543,23.83,66,2,9.86,clear sky
95,Chardara,KZ,41.2547,67.9692,58.59,30,92,6.8,overcast clouds
96,Torbay,CA,47.6666,-52.7314,43.39,91,100,11.01,overcast clouds
97,Aras,ES,42.5617,-2.356,59.05,82,75,2.3,broken clouds
98,Alghero,IT,40.5589,8.3181,58.98,71,0,3.44,clear sky
99,Bandarbeyla,SO,9.4942,50.8122,77.38,90,55,13.51,broken clouds
100,Kingston,JM,17.997,-76.7936,86.16,74,99,5.01,overcast clouds
101,Liancheng,CN,24.0519,105.075,48.81,96,32,1.48,scattered clouds
102,Port Elizabeth,ZA,-33.918,25.5701,53.1,93,90,8.05,moderate rain
103,Barrow,US,71.2906,-156.7887,21.22,79,90,3.44,heavy snow
104,Kapaa,US,22.0752,-159.319,80.58,75,40,5.99,light rain
105,Cooma,AU,-36.2333,149.1333,39.13,89,13,2.08,few clouds
106,Hami,CN,42.8,93.45,51.55,24,0,3.2,clear sky
107,Porto Novo,BJ,6.4965,2.6036,78.93,85,30,6.33,light rain
108,Sidi Ali,DZ,36.0998,0.4206,67.33,66,4,4.7,clear sky
109,Batemans Bay,AU,-35.7167,150.1833,49.1,82,3,4.32,clear sky
110,Roseburg,US,43.2165,-123.3417,63.75,82,75,0.0,broken clouds
111,Port Lincoln,AU,-34.7333,135.8667,56.01,86,84,8.43,broken clouds
112,Mackay,AU,-21.15,149.2,75.04,88,26,8.57,scattered clouds
113,Limbang,MY,4.75,115.0,77.11,98,94,2.04,overcast clouds
114,Dudinka,RU,69.4058,86.1778,34.38,99,100,12.24,light rain
115,Tucuman,AR,-26.8241,-65.2226,82.4,24,20,8.05,few clouds
116,Bredasdorp,ZA,-34.5322,20.0403,48.27,70,18,1.59,few clouds
117,Meulaboh,ID,4.1363,96.1285,75.96,85,100,3.87,light rain
118,Bluff,NZ,-46.6,168.3333,50.95,87,99,12.39,overcast clouds
119,Tasiilaq,GL,65.6145,-37.6368,26.76,54,43,7.94,scattered clouds
120,Merauke,ID,-8.4667,140.3333,76.91,89,69,9.15,broken clouds
121,Tuatapere,NZ,-46.1333,167.6833,50.02,93,100,9.24,overcast clouds
122,Margate,GB,51.3813,1.3862,58.71,79,6,4.0,clear sky
123,Hermanus,ZA,-34.4187,19.2345,54.9,63,58,5.32,broken clouds
124,Yerbogachen,RU,61.2767,108.0108,26.64,87,100,9.73,overcast clouds
125,Padang,ID,-0.9492,100.3543,77.83,87,100,1.41,overcast clouds
126,Carnarvon,AU,-24.8667,113.6333,63.9,67,5,5.77,clear sky
127,Vavozh,RU,56.7751,51.931,47.16,67,100,11.05,overcast clouds
128,Vila Franca Do Campo,PT,37.7167,-25.4333,72.01,92,100,11.5,overcast clouds
129,Dingle,PH,10.9995,122.6711,75.97,92,14,5.84,few clouds
130,Castro,BR,-24.7911,-50.0119,58.32,98,100,6.67,overcast clouds
131,Kaeo,NZ,-35.1,173.7833,61.32,97,51,6.26,broken clouds
132,Ilulissat,GL,69.2167,-51.1,19.42,27,1,28.77,clear sky
133,Wahiawa,US,21.5028,-158.0236,80.92,64,20,17.27,few clouds
134,Baculin,PH,7.4525,126.5842,78.85,86,100,4.43,overcast clouds
135,Morgan City,US,29.6994,-91.2068,73.99,35,8,8.05,clear sky
136,Norrtalje,SE,59.758,18.705,43.84,57,0,11.05,clear sky
137,Mar Del Plata,AR,-38.0023,-57.5575,56.88,34,98,1.01,overcast clouds
138,Nouadhibou,MR,20.931,-17.0347,73.69,66,0,17.45,clear sky
139,New Norfolk,AU,-42.7826,147.0587,51.3,70,100,3.0,overcast clouds
140,Burgeo,CA,47.6167,-57.6152,48.79,90,100,10.65,overcast clouds
141,Lompoc,US,34.6391,-120.4579,76.78,72,75,11.99,broken clouds
142,Sioux Lookout,CA,50.1001,-91.917,54.84,46,3,7.52,clear sky
143,Isangel,VU,-19.55,169.2667,77.41,89,100,7.18,overcast clouds
144,Muros,ES,42.7762,-9.0603,68.85,94,100,8.3,overcast clouds
145,San Gabriel,US,34.0961,-118.1058,85.93,27,1,1.99,clear sky
146,Walvis Bay,NA,-22.9575,14.5053,57.09,80,86,7.11,overcast clouds
147,Aswan,EG,24.0934,32.907,85.3,19,0,12.88,clear sky
148,Oktyabrskiy,RU,54.4815,53.471,46.33,92,100,5.37,light rain
149,Ponta Delgada,PT,37.7333,-25.6667,72.32,88,75,12.66,broken clouds
150,Bafoulabe,ML,13.8065,-10.8321,82.22,54,39,1.86,scattered clouds
151,Warrnambool,AU,-38.3833,142.4833,47.8,87,55,7.43,broken clouds
152,Tiksi,RU,71.6872,128.8694,9.82,89,100,8.84,overcast clouds
153,Aloleng,PH,16.1307,119.7824,79.86,80,72,7.25,broken clouds
154,Mount Gambier,AU,-37.8333,140.7667,42.48,95,56,2.89,broken clouds
155,Tvoroyri,FO,61.5556,-6.8111,45.79,74,100,22.57,overcast clouds
156,Jiayuguan,CN,39.8167,98.3,42.48,27,19,4.88,few clouds
157,Farafangana,MG,-22.8167,47.8333,73.49,82,5,13.62,clear sky
158,Sokoni,TZ,-6.4333,39.55,77.9,77,5,12.88,clear sky
159,Zhicheng,CN,30.2956,111.5047,53.37,63,100,3.6,light rain
160,Lorengau,PG,-2.0226,147.2712,81.9,73,87,5.86,overcast clouds
161,Hamilton,US,39.1834,-84.5333,68.61,43,1,4.0,clear sky
162,Lai,TD,9.3952,16.2989,74.98,87,100,2.08,moderate rain
163,Sangar,RU,63.9242,127.4739,4.5,94,49,2.75,scattered clouds
164,Nikolskoye,RU,59.7035,30.7861,42.87,74,92,10.76,overcast clouds
165,Haines Junction,CA,60.7522,-137.5108,28.4,62,61,1.99,broken clouds
166,Avarua,CK,-21.2078,-159.775,78.85,78,75,3.44,broken clouds
167,Bambanglipuro,ID,-7.95,110.2833,57.6,89,58,2.62,broken clouds
168,Alofi,NU,-19.0595,-169.9187,82.29,65,75,14.97,broken clouds
169,Yumen,CN,40.2833,97.2,43.57,25,89,7.92,overcast clouds
170,Caravelas,BR,-17.7125,-39.2481,78.62,73,26,8.93,scattered clouds
171,Egvekinot,RU,66.3167,-179.1667,13.53,83,100,4.76,overcast clouds
172,Sept-Iles,CA,50.2001,-66.3821,51.06,97,90,13.0,mist
173,Sao Desiderio,BR,-12.3633,-44.9733,88.88,33,82,2.73,broken clouds
174,Olinda,BR,-8.0089,-34.8553,80.33,74,40,9.22,scattered clouds
175,Nabire,ID,-3.3667,135.4833,74.43,85,99,3.71,overcast clouds
176,Mackenzie,CA,55.2999,-123.1698,38.28,84,100,4.03,overcast clouds
177,Mizdah,LY,31.4451,12.9801,68.94,30,100,9.08,overcast clouds
178,Vardo,NO,70.3705,31.1107,40.98,87,75,26.46,broken clouds
179,Dondo,MZ,-19.6094,34.7431,76.14,83,0,7.23,clear sky
180,Henties Bay,NA,-22.116,14.2845,56.86,83,92,4.16,overcast clouds
181,Krasnyy Tkach,RU,55.4721,39.0802,44.35,79,100,8.03,overcast clouds
182,Dikson,RU,73.5069,80.5464,31.19,99,100,2.62,light snow
183,Coffeyville,US,37.0373,-95.6164,79.25,31,1,10.36,clear sky
184,Gull Lake,CA,50.1001,-108.4847,75.74,15,12,15.84,few clouds
185,Hofn,IS,64.2539,-15.2082,36.16,98,100,22.06,moderate rain
186,Sorong,ID,-0.8833,131.25,79.83,83,100,3.38,overcast clouds
187,Kavieng,PG,-2.5744,150.7967,82.44,72,13,11.07,few clouds
188,Plettenberg Bay,ZA,-34.0527,23.3716,52.23,77,28,5.99,light rain
189,San Luis,AR,-33.295,-66.3356,73.26,20,27,11.12,scattered clouds
190,Necochea,AR,-38.5473,-58.7368,60.04,62,89,9.95,moderate rain
191,Senanga,ZM,-16.1167,23.2667,81.61,26,60,3.13,broken clouds
192,Antofagasta,CL,-23.65,-70.4,66.22,56,36,9.82,scattered clouds
193,Macas,EC,-2.3167,-78.1167,80.35,53,75,6.91,light rain
194,Morehead,US,37.2711,-87.1764,70.14,33,1,1.99,clear sky
195,Mitsamiouli,KM,-11.3847,43.2844,76.96,77,1,14.74,clear sky
196,Wanning,CN,18.8003,110.3967,77.61,90,99,18.45,moderate rain
197,Aksarka,RU,66.5606,67.7975,39.02,97,100,13.38,light rain
198,Bezhanitsy,RU,56.9767,29.8907,41.34,89,100,7.27,light rain
199,Sawakin,SD,19.1059,37.3321,84.81,66,1,11.63,clear sky
200,Tokur,RU,53.1333,132.9,1.6,96,70,1.54,broken clouds
201,Codrington,AU,-38.2667,141.9667,43.34,93,50,6.49,scattered clouds
202,Xuddur,SO,4.1213,43.8894,75.58,72,91,17.92,overcast clouds
203,Shima,CN,24.4478,117.8111,73.22,68,62,3.71,light rain
204,Kodiak,US,57.79,-152.4072,42.28,98,100,36.13,moderate rain
205,Ust-Nera,RU,64.5667,143.2,-4.86,99,92,4.07,overcast clouds
206,Monte Alegre,BR,-2.0078,-54.0692,96.28,35,88,7.07,overcast clouds
207,Klaeng,TH,12.7797,101.6483,77.95,96,100,6.42,moderate rain
208,Fortuna,US,40.5982,-124.1573,54.93,71,75,1.01,moderate rain
209,Udala,ES,43.0778,-2.5125,60.12,91,86,3.76,overcast clouds
210,Los Llanos De Aridane,ES,28.6585,-17.9182,69.55,88,40,6.91,volcanic ash
211,Yulara,AU,-25.2406,130.9889,66.04,30,6,6.91,clear sky
212,San Policarpo,PH,12.1791,125.5072,81.32,82,15,5.97,few clouds
213,Poli,TZ,-3.3333,36.8,64.33,66,54,5.3,broken clouds
214,Vaini,TO,-21.2,-175.2,77.16,88,40,9.22,scattered clouds
215,Ossora,RU,59.2353,163.0719,31.37,97,100,24.61,snow
216,Dwarka,IN,22.2394,68.9678,81.1,69,89,16.53,overcast clouds
217,Quatre Cocos,MU,-20.2078,57.7625,73.09,76,45,16.58,scattered clouds
218,Praya,CV,14.9215,-23.5087,82.94,51,20,6.91,few clouds
219,Manoel Urbano,BR,-8.8389,-69.2597,87.3,54,99,3.6,overcast clouds
220,Faridkot,IN,30.6667,74.75,73.06,70,100,8.79,overcast clouds
221,Tacuarembo,UY,-31.7333,-55.9833,64.87,60,0,8.97,clear sky
222,Half Moon Bay,US,37.4636,-122.4286,78.21,59,90,1.01,overcast clouds
223,Mineiros,BR,-17.5694,-52.5511,81.64,59,90,4.61,overcast clouds
224,Porecatu,BR,-22.7558,-51.3792,73.47,71,88,3.47,overcast clouds
225,Arraial Do Cabo,BR,-22.9661,-42.0278,71.46,88,75,8.05,broken clouds
226,Mogadishu,SO,2.0371,45.3438,79.09,83,26,11.21,scattered clouds
227,Camopi,GF,3.1655,-52.3158,76.35,89,100,2.57,overcast clouds
228,Cockburn Town,TC,21.4612,-71.1419,82.85,73,50,4.83,scattered clouds
229,Wau,SS,7.7029,27.9953,75.38,75,65,2.1,broken clouds
230,Wum,CM,6.3833,10.0667,66.87,94,98,1.05,light rain
231,Esna,EG,25.2934,32.554,84.15,17,0,9.37,clear sky
232,Urumqi,CN,43.801,87.6005,43.75,49,0,6.71,clear sky
233,Airai,TL,-8.9266,125.4092,61.27,90,8,1.88,clear sky
234,Ambilobe,MG,-13.2,49.05,74.59,63,0,7.9,clear sky
235,Xinzhou,CN,38.4092,112.7333,42.84,57,11,2.48,few clouds
236,Altay,CN,47.8667,88.1167,38.95,45,91,7.85,overcast clouds
237,Sayyan,YE,15.1718,44.3244,59.95,21,6,5.68,clear sky
238,Cherskiy,RU,68.75,161.3,-12.75,100,100,3.74,overcast clouds
239,Changde,CN,29.0464,111.6783,51.76,71,100,2.57,light rain
240,Rio Negro,BR,-26.1058,-49.7975,58.66,99,100,4.38,light rain
241,Nenjiang,CN,49.1833,125.2167,23.85,68,11,3.47,few clouds
242,Pacifica,US,37.6138,-122.4869,78.03,72,75,7.0,broken clouds
243,Esperance,AU,-33.8667,121.9,53.44,90,2,3.98,clear sky
244,Ilam,NP,26.9167,87.9167,66.25,87,100,5.19,overcast clouds
245,Zhuhai,CN,22.2769,113.5678,71.98,78,40,18.41,scattered clouds
246,Cuamba,MZ,-14.8031,36.5372,79.97,45,44,2.95,scattered clouds
247,Berlevag,NO,70.8578,29.0864,39.15,81,75,27.63,light intensity shower rain
248,Huarmey,PE,-10.0681,-78.1522,68.67,76,65,11.34,broken clouds
249,Santa Marta,CO,11.2408,-74.199,81.1,82,90,2.42,overcast clouds
250,Xining,CN,36.6167,101.7667,42.82,76,47,1.86,scattered clouds
251,Chifeng,CN,42.2683,118.9636,39.63,37,100,7.9,overcast clouds
252,Cayenne,GF,4.9333,-52.3333,86.04,79,75,3.0,broken clouds
253,Kholodnyy,RU,62.7167,147.95,-6.75,91,27,8.05,scattered clouds
254,Provideniya,RU,64.3833,-173.3,26.71,63,75,17.9,broken clouds
255,Khatanga,RU,71.9667,102.5,32.83,99,100,12.62,light snow
256,Changji,CN,44.0167,87.3167,47.19,49,0,6.71,clear sky
257,Cururupu,BR,-1.8283,-44.8683,83.53,66,27,5.77,scattered clouds
258,La Verne,US,34.1008,-117.7678,83.64,19,1,10.36,clear sky
259,Narsaq,GL,60.9167,-46.05,37.62,49,33,3.65,scattered clouds
260,Algeciras,ES,36.1333,-5.4505,67.77,62,100,2.13,overcast clouds
261,Sivas,TR,39.7916,37.0019,50.63,81,75,6.91,broken clouds
262,Riyadh,SA,24.6877,46.7219,82.44,18,0,9.44,clear sky
263,Sao Raimundo Nonato,BR,-9.0153,-42.6994,95.4,22,97,9.66,overcast clouds
264,Lac Du Bonnet,CA,50.2536,-96.0612,61.86,34,0,8.28,clear sky
265,San Juan,AR,-31.5375,-68.5364,76.78,14,0,17.78,clear sky
266,Sao Felix Do Xingu,BR,-6.6447,-51.995,81.0,65,98,1.77,overcast clouds
267,Marondera,ZW,-18.1853,31.5519,69.49,44,94,3.98,overcast clouds
268,Kpandu,GH,6.9954,0.2931,77.22,86,100,5.48,light rain
269,Maningrida,AU,-12.0667,134.2667,76.14,90,87,4.29,overcast clouds
270,Ekhabi,RU,53.5102,142.9671,29.91,87,100,23.0,light snow
271,Bitung,ID,1.4451,125.1824,76.05,83,98,2.89,overcast clouds
272,Saldanha,ZA,-33.0117,17.9442,57.99,77,0,14.9,clear sky
273,Alice Springs,AU,-23.7,133.8833,69.35,49,6,8.05,clear sky
274,Karratha,AU,-20.7377,116.8463,68.85,61,6,11.65,clear sky
275,Clyde River,CA,70.4692,-68.5914,28.2,79,95,11.9,overcast clouds
276,Flin Flon,CA,54.7682,-101.865,57.6,41,46,12.39,scattered clouds
277,Portland,US,45.5234,-122.6762,62.46,78,90,3.0,overcast clouds
278,Iqaluit,CA,63.7506,-68.5145,34.7,64,100,13.0,overcast clouds
279,Iquitos,PE,-3.7481,-73.2472,89.64,62,40,4.61,scattered clouds
280,Kikwit,CD,-5.041,18.8162,72.93,91,100,0.02,light rain
281,Mitu,CO,1.1983,-70.1733,83.62,74,95,2.26,overcast clouds
282,Tazovskiy,RU,67.4667,78.7,34.74,93,100,11.54,overcast clouds
283,Trelew,AR,-43.249,-65.3051,60.31,33,1,14.83,clear sky
284,Turukhansk,RU,65.8167,87.9833,35.8,98,100,12.71,light rain
285,Lakota,CI,5.8528,-5.6883,73.98,95,37,3.71,scattered clouds
286,Ibra,OM,22.6906,58.5334,77.22,36,0,3.94,clear sky
287,Sola,VU,-13.8833,167.55,81.59,77,76,17.16,broken clouds
288,Kuruman,ZA,-27.4524,23.4325,50.0,15,2,12.44,clear sky
289,Teya,RU,60.3778,92.6267,33.31,96,75,3.94,broken clouds
290,Acapulco,MX,16.8634,-99.8901,86.05,70,43,7.94,scattered clouds
291,Cabedelo,BR,-6.9811,-34.8339,81.27,73,66,13.49,broken clouds
292,Zhaozhou,CN,45.6833,125.3167,32.99,94,100,7.58,light snow
293,Canutama,BR,-6.5339,-64.3831,76.93,93,100,4.03,overcast clouds
294,Jonava,LT,55.0833,24.2833,46.45,88,75,4.0,broken clouds
295,Arrecife,ES,28.963,-13.5477,75.18,83,0,6.91,clear sky
296,Winnemucca,US,40.973,-117.7357,71.65,10,1,13.8,clear sky
297,Maputo,MZ,-25.9653,32.5892,64.08,93,90,8.99,light rain
298,Te Anau,NZ,-45.4167,167.7167,48.63,95,100,0.98,overcast clouds
299,Goderich,CA,43.7501,-81.7165,58.91,60,27,21.85,scattered clouds
300,Boende,CD,-0.2167,20.8667,71.53,98,100,1.57,overcast clouds
301,Shubarshi,KZ,48.5872,57.1869,50.47,36,92,8.9,overcast clouds
302,Bereda,ES,43.2686,-7.5406,67.01,79,100,2.73,overcast clouds
303,Okato,NZ,-39.2,173.8833,60.42,95,39,12.35,scattered clouds
304,Poum,NC,-20.2333,164.0167,75.56,83,99,7.16,overcast clouds
305,Evensk,RU,61.95,159.2333,12.65,74,100,17.22,overcast clouds
306,Port Blair,IN,11.6667,92.75,80.29,85,100,7.18,overcast clouds
307,Bambous Virieux,MU,-20.3428,57.7575,73.22,75,45,16.64,scattered clouds
308,Lavrentiya,RU,65.5833,-171.0,24.31,74,66,13.42,broken clouds
309,Bajos De Haina,DO,18.4154,-70.0332,89.53,72,40,11.5,scattered clouds
310,Komsomolskiy,UZ,40.4272,71.7189,51.22,30,100,1.88,overcast clouds
311,Makat,KZ,47.6469,53.3463,56.16,33,92,14.45,overcast clouds
312,Chandbali,IN,20.7833,86.7667,76.41,97,100,7.0,heavy intensity rain
313,Namtsy,RU,62.7161,129.6658,17.71,96,44,5.23,scattered clouds
314,Roald,NO,62.5833,6.1333,41.14,87,75,8.05,broken clouds
315,Skibbereen,IE,51.55,-9.2667,58.8,95,100,10.22,overcast clouds
316,Machali,CL,-34.1833,-70.6667,72.68,21,0,11.5,clear sky
317,Nara,JP,34.6851,135.8049,52.5,64,0,2.93,clear sky
318,Buala,SB,-8.145,159.5921,80.58,77,57,4.07,broken clouds
319,Ancud,CL,-41.8697,-73.8203,56.73,67,32,6.31,scattered clouds
320,Sturgis,US,41.7992,-85.4192,63.9,39,1,12.66,clear sky
321,Okhotsk,RU,59.3833,143.3,12.25,73,3,19.55,clear sky
322,Aqtobe,KZ,50.2797,57.2072,41.09,52,0,6.71,clear sky
323,Namatanai,PG,-3.6667,152.4333,79.99,78,90,7.49,overcast clouds
324,Ixtapa,MX,20.7,-105.2,88.83,62,1,10.36,clear sky
325,Klyuchi,RU,52.2667,79.1667,38.19,70,2,4.74,clear sky
326,Cilegon,ID,-6.0174,106.0538,78.69,78,100,6.51,overcast clouds
327,Senador Jose Porfirio,BR,-2.5908,-51.9542,88.47,55,75,3.89,broken clouds
328,Itupiranga,BR,-5.1347,-49.3267,93.52,50,95,5.01,overcast clouds
329,Paamiut,GL,61.994,-49.6678,34.84,51,0,4.65,clear sky
330,Boguchany,RU,58.3814,97.4531,31.14,94,41,2.71,scattered clouds
331,Estelle,US,29.8458,-90.1067,75.99,40,1,4.0,clear sky
332,Marrakesh,MA,31.6315,-8.0083,82.47,24,0,3.44,clear sky
333,Narva-Joesuu,EE,59.4589,28.0408,42.58,69,71,17.52,broken clouds
334,Saint-Georges,GD,12.0564,-61.7485,84.58,73,15,11.45,few clouds
335,Gasa,PS,31.5,34.4667,73.9,64,48,4.76,scattered clouds
336,Bouar,CF,5.934,15.596,67.68,93,100,2.35,overcast clouds
337,Constitucion,CL,-35.3333,-72.4167,61.5,60,1,17.69,clear sky
338,Marzuq,YE,14.4,46.4667,76.82,39,100,3.4,overcast clouds
339,Sao Joao Do Piaui,BR,-8.3581,-42.2467,98.33,20,100,10.94,overcast clouds
340,Roebourne,AU,-20.7833,117.1333,69.15,61,7,10.8,clear sky
341,Asmara,ER,15.3333,38.9333,59.94,23,6,5.39,clear sky
342,Boddam,GB,57.4667,-1.7833,53.98,95,100,17.87,overcast clouds
343,Guerrero Negro,MX,27.9769,-114.0611,78.13,39,100,7.65,overcast clouds
344,Marsa Matruh,EG,31.3525,27.2453,70.77,63,0,9.69,clear sky
345,Caranavi,BO,-15.8167,-67.55,74.1,66,98,3.38,overcast clouds
346,Biak,ID,-0.9131,122.8766,76.78,86,52,0.36,broken clouds
347,Wewak,PG,-3.5534,143.6268,78.62,85,89,4.38,overcast clouds
348,Waddan,LY,29.1614,16.139,74.21,34,0,16.55,clear sky
349,Beisfjord,NO,68.3751,17.5988,40.24,95,100,6.31,overcast clouds
350,Finschhafen,PG,-6.6024,147.8681,77.67,83,86,4.14,overcast clouds
351,Nome,US,64.5011,-165.4064,28.47,60,1,10.36,clear sky
352,Sobolevo,RU,54.4299,31.8996,40.28,85,95,11.01,overcast clouds
353,Amuntai,ID,-2.4177,115.2494,74.19,99,100,2.3,overcast clouds
354,Galeana,MX,24.8333,-100.0667,62.38,62,99,5.91,overcast clouds
355,Baykit,RU,61.67,96.37,36.61,92,100,3.27,overcast clouds
356,Noyabrsk,RU,63.1994,75.4507,38.88,93,100,15.97,overcast clouds
357,Bandar-E Anzali,IR,37.4727,49.4622,67.15,82,49,2.68,scattered clouds
358,Halifax,CA,44.6453,-63.5724,64.69,93,100,10.0,overcast clouds
359,Mamallapuram,IN,12.6264,80.1722,82.45,73,100,7.67,overcast clouds
360,Pacific Grove,US,36.6177,-121.9166,74.57,78,1,4.0,clear sky
361,Vanavara,RU,60.34,102.2797,30.16,86,96,5.79,overcast clouds
362,Zeya,RU,53.75,127.2667,19.65,53,10,4.52,clear sky
363,Mehamn,NO,71.0357,27.8492,39.38,93,75,27.63,broken clouds
364,Novopavlovka,RU,51.2172,109.2091,20.82,96,11,2.89,few clouds
365,Kutum,SD,14.2,24.6667,80.26,18,2,7.09,clear sky
366,Istok,XK,42.7808,20.4875,50.92,82,52,2.15,broken clouds
367,Marinette,US,45.1,-87.6307,66.31,25,1,11.5,clear sky
368,Salamiyah,SY,35.0113,37.0532,64.29,79,0,15.39,clear sky
369,Saint-Joseph,RE,-21.3667,55.6167,70.16,78,20,12.06,few clouds
370,Kabala,SL,9.5833,-11.55,74.37,82,82,2.21,broken clouds
371,Hambantota,LK,6.1241,81.1185,79.9,81,63,16.78,broken clouds
372,Nishihara,JP,26.1842,127.7558,72.68,71,40,6.91,scattered clouds
373,George Town,MY,5.4112,100.3354,78.89,90,100,0.0,overcast clouds
374,Clarksdale,US,34.2001,-90.5709,69.96,28,1,5.53,clear sky
375,Andenes,NO,69.3143,16.1194,37.38,70,40,27.63,light rain
376,Lashma,RU,54.9321,41.1438,40.14,90,38,5.41,scattered clouds
377,Samarai,PG,-10.6167,150.6667,82.13,80,100,11.43,overcast clouds
378,Umm Kaddadah,SD,13.6017,26.6876,90.32,16,86,9.8,overcast clouds
379,Sinjar,IQ,36.3209,41.8754,70.66,41,25,11.74,scattered clouds
380,Ayia Marina,GR,37.75,23.5333,64.35,68,34,3.02,scattered clouds
381,Kamennogorsk,RU,60.9545,29.1339,40.51,74,36,10.36,scattered clouds
382,Nador,MA,35.174,-2.9287,68.25,77,0,2.3,clear sky
383,Staraya Stanitsa,RU,48.35,40.2833,52.05,66,65,5.5,broken clouds
384,Kharan,PK,28.5833,65.4167,67.48,12,0,8.32,clear sky
385,Graaff-Reinet,ZA,-32.2522,24.5308,49.93,56,76,7.11,broken clouds
386,Gladstone,AU,-23.85,151.25,75.13,78,75,6.91,broken clouds
387,Severo-Kurilsk,RU,50.6789,156.125,39.43,76,36,41.52,scattered clouds
388,Kaihua,CN,23.3687,104.28,51.06,93,42,1.61,scattered clouds
389,Kodinar,IN,20.7903,70.7031,78.01,69,88,12.77,overcast clouds
390,Angoche,MZ,-16.2325,39.9086,77.74,76,0,15.64,clear sky
391,Derzhavinsk,KZ,51.1,66.3167,48.06,51,24,8.12,few clouds
392,Montepuez,MZ,-13.1256,38.9997,71.26,71,0,9.4,clear sky
393,Carutapera,BR,-1.195,-46.02,83.71,69,14,9.15,few clouds
394,Curumani,CO,9.1999,-73.5427,82.4,87,100,1.68,overcast clouds
395,Benguela,AO,-12.5763,13.4055,73.87,77,56,1.01,broken clouds
396,Svetlyy,RU,54.675,20.1347,48.25,79,100,14.36,overcast clouds
397,Kirovskiy,RU,45.0917,133.5136,26.69,50,37,5.46,scattered clouds
398,Chumikan,RU,54.7183,135.315,18.86,72,2,12.62,clear sky
399,Bezerros,BR,-8.2333,-35.7969,76.5,64,96,14.0,overcast clouds
400,Kasangulu,CD,-4.5911,15.1708,80.82,59,100,1.83,light rain
401,Haimen,CN,23.1935,116.6142,68.5,77,57,9.64,broken clouds
402,Ozu,JP,33.5,132.55,54.18,85,0,6.8,clear sky
403,Carballo,ES,43.213,-8.691,70.56,88,100,5.46,overcast clouds
404,Moroni,KM,-11.7022,43.2551,76.3,78,0,4.65,clear sky
405,Saquena,PE,-4.6667,-73.5167,91.83,42,99,3.18,overcast clouds
406,Leshukonskoye,RU,64.8989,45.7622,36.66,96,100,10.58,overcast clouds
407,Bremerton,US,47.5673,-122.6326,60.78,83,90,3.44,overcast clouds
408,Nantucket,US,41.2835,-70.0995,65.08,62,40,14.97,scattered clouds
409,Ust-Kulom,RU,61.6864,53.6902,40.33,88,100,8.03,overcast clouds
410,Lata,PT,40.1629,-8.3327,67.05,98,100,1.57,overcast clouds
411,Romitan,UZ,39.9343,64.3814,49.95,46,0,4.61,clear sky
412,Mbandaka,CD,0.0487,18.2603,74.53,91,100,2.39,overcast clouds
413,Abakan,RU,53.7156,91.4292,23.02,100,25,2.24,smoke
414,Puerto Leguizamo,CO,-0.1934,-74.7819,81.1,76,95,4.32,overcast clouds
415,Contamana,PE,-7.3333,-75.0167,95.97,32,98,5.01,moderate rain
416,Gouvieux,FR,49.1871,2.4144,54.48,60,82,5.57,broken clouds
417,Yar-Sale,RU,66.8333,70.8333,38.59,97,100,14.36,light rain
418,Malpe,IN,13.35,74.7167,78.1,91,100,4.18,overcast clouds
419,Edgewater,US,28.9889,-80.9023,85.24,57,40,13.8,scattered clouds
420,Sungairaya,ID,0.7,108.9,77.94,90,98,4.97,overcast clouds
421,Hoi An,VN,15.8794,108.335,76.96,90,100,1.21,moderate rain
422,Talnakh,RU,69.4865,88.3972,34.27,100,100,6.38,light rain
423,Glotovka,RU,53.9491,46.7042,45.82,65,100,5.99,overcast clouds
424,Pisco,PE,-13.7,-76.2167,68.05,68,0,19.57,clear sky
425,Slavjanovo,BG,43.4667,24.8667,51.26,81,100,2.39,overcast clouds
426,Kaabong,UG,3.4836,34.1492,73.94,46,40,11.05,scattered clouds
427,Kathu,TH,7.9178,98.3332,85.69,87,87,9.53,overcast clouds
428,Tsumeb,NA,-19.2333,17.7167,80.08,15,4,7.54,clear sky
429,Broome,US,42.2506,-75.833,57.88,60,40,4.0,scattered clouds
430,Prescott,US,34.54,-112.4685,72.66,27,1,5.99,clear sky
431,Cabo Rojo,PR,18.0866,-67.1457,88.23,80,28,3.02,moderate rain
432,Grand Gaube,MU,-20.0064,57.6608,73.38,78,10,10.0,clear sky
433,Guanica,PR,17.9716,-66.908,88.48,84,30,5.01,scattered clouds
434,Melfort,CA,52.8667,-104.6177,65.71,25,47,12.03,scattered clouds
435,Grindavik,IS,63.8424,-22.4338,39.67,81,75,23.02,light intensity drizzle rain
436,Hirara,JP,24.8,125.2833,75.49,66,96,18.54,overcast clouds
437,Ritchie,ZA,-29.038,24.6028,55.69,23,0,13.15,clear sky
438,Ponta Do Sol,PT,32.6667,-17.1,72.23,73,99,3.0,overcast clouds
439,Mandali,IQ,33.7499,45.5541,77.22,23,29,10.54,scattered clouds
440,San Andres,CO,12.5847,-81.7006,86.02,74,75,10.36,broken clouds
441,Neuquen,AR,-38.9516,-68.0591,71.49,26,0,10.36,clear sky
442,Himare,AL,40.1017,19.7447,60.78,73,31,1.03,scattered clouds
443,Methoni,GR,36.8197,21.7049,63.21,64,8,6.82,clear sky
444,Redmond,US,47.674,-122.1215,61.36,81,100,1.01,overcast clouds
445,Poso,ID,-1.3959,120.7524,77.02,81,51,3.8,broken clouds
446,Kidal,ML,18.4411,1.4078,88.86,18,0,10.16,clear sky
447,Nelson Bay,AU,-32.7167,152.15,56.95,92,100,4.54,overcast clouds
448,Fairbanks,US,64.8378,-147.7164,29.91,78,1,6.91,clear sky
449,Ahuimanu,US,21.4447,-157.8378,83.91,62,75,14.97,broken clouds
450,Vanderhoof,CA,54.0166,-124.0198,38.21,88,100,6.55,light rain
451,Bairiki,KI,1.3292,172.9752,84.2,70,20,8.05,few clouds
452,Visby,SE,57.6409,18.296,48.42,57,1,14.97,clear sky
453,Tarime,TZ,-1.35,34.3667,64.96,83,47,3.94,scattered clouds
454,Zoravan,AM,40.3533,44.5232,46.36,31,2,3.49,clear sky
455,Lubango,AO,-14.9172,13.4925,64.58,47,0,2.77,clear sky
456,Orange Walk,BZ,17.8333,-88.8333,87.66,54,40,5.08,scattered clouds
457,La Palma,US,33.8464,-118.0467,86.67,51,1,5.99,clear sky
458,Hokitika,NZ,-42.7167,170.9667,55.27,93,99,14.79,light rain
459,Ewa Beach,US,21.3156,-158.0072,84.15,56,75,13.0,broken clouds
460,Fort Frances,CA,48.5999,-93.4003,64.62,38,1,9.22,clear sky
461,Dolores,AR,-36.3132,-57.6792,69.4,51,86,8.48,light rain
462,Beringovskiy,RU,63.05,179.3167,26.26,83,100,6.87,overcast clouds
463,Korla,CN,41.7597,86.1469,51.48,33,25,8.52,scattered clouds
464,Namibe,AO,-15.1961,12.1522,65.39,90,37,5.26,scattered clouds
465,Rudnya,RU,54.947,31.0934,43.9,81,100,13.13,overcast clouds
466,Filingue,NE,14.3521,3.3168,88.36,39,100,15.01,overcast clouds
467,Bosobolo,CD,4.1833,19.9,73.0,94,44,2.24,scattered clouds
468,Snasa,NO,64.2457,12.3778,36.81,86,21,6.64,few clouds
469,Krivodol,BG,43.3744,23.4844,50.47,91,54,0.18,broken clouds
470,Marathon,US,44.9,-89.7668,65.73,35,1,3.0,clear sky
471,Harlingen,US,26.1906,-97.6961,82.2,52,1,10.36,clear sky
472,Praia,CV,14.9215,-23.5087,82.94,51,20,6.91,few clouds
473,Alexandria,EG,31.2156,29.9553,73.89,57,0,8.41,clear sky
474,Rio Gallegos,AR,-51.6226,-69.2181,66.25,24,0,19.57,clear sky
475,Kashi,CN,39.4547,75.9797,51.8,23,100,1.54,overcast clouds
476,San Pedro,PH,14.35,121.0167,80.35,84,96,7.02,overcast clouds
477,Labuhan,ID,-6.8844,112.2051,81.27,79,74,5.97,broken clouds
478,Abu Samrah,SY,35.3029,37.1841,65.52,74,0,14.7,clear sky
479,Saint-Francois,FR,46.4154,3.9054,51.24,93,0,2.3,clear sky
480,Puerto Del Rosario,ES,28.5004,-13.8627,74.88,94,0,8.05,clear sky
481,Kibala,TD,9.1104,18.3463,75.29,88,94,4.16,overcast clouds
482,Skerries,IE,53.5828,-6.1083,61.0,84,100,7.25,overcast clouds
483,Lichuan,CN,30.3,108.85,44.1,94,100,1.41,overcast clouds
484,San Quintin,MX,30.4833,-115.95,72.91,50,100,11.52,overcast clouds
485,Itaituba,BR,-4.2761,-55.9836,75.47,97,100,2.98,light rain
486,Kandrian,PG,-6.2167,149.55,76.84,88,47,4.36,light rain
487,Chara,RU,56.9064,118.2631,16.32,68,42,4.5,scattered clouds
488,Longyearbyen,SJ,78.2186,15.6401,17.44,67,20,4.61,few clouds
489,San Blas,MX,21.5167,-105.2667,100.29,70,1,7.72,clear sky
490,Moranbah,AU,-22.0016,148.0466,69.85,88,22,9.19,few clouds
491,Maxixe,MZ,-23.8597,35.3472,74.12,94,2,3.96,clear sky
492,Marand,IR,38.4329,45.7749,59.34,39,0,6.2,clear sky
493,Lakes Entrance,AU,-37.8811,147.981,47.16,81,99,6.98,overcast clouds
494,Northam,GB,51.0333,-4.2167,55.65,92,100,8.41,overcast clouds
495,Togur,RU,58.3631,82.8265,36.16,94,80,5.37,broken clouds
496,Kailua,US,21.4022,-157.7394,84.18,66,75,14.97,broken clouds
497,Denpasar,ID,-8.65,115.2167,78.46,88,20,3.44,few clouds
498,Hovd,MN,48.0056,91.6419,33.22,48,0,1.77,clear sky
499,Srednekolymsk,RU,67.45,153.6833,2.48,98,95,1.32,overcast clouds
500,Faya,SA,18.3851,42.4509,63.12,24,3,5.88,clear sky
501,Hay River,CA,60.8156,-115.7999,36.45,63,8,10.83,clear sky
502,Melo,UY,-32.3667,-54.1833,63.68,63,0,6.82,clear sky
503,Opuwo,NA,-18.0607,13.84,71.76,23,10,6.26,clear sky
504,Mazamari,PE,-11.3258,-74.5308,86.49,55,96,3.51,overcast clouds
505,Cascais,PT,38.6979,-9.4215,70.5,83,20,1.01,fog
506,Mongar,BT,27.2747,91.2396,60.15,95,72,4.61,broken clouds
507,Kyaikkami,MM,16.08,97.5675,77.85,80,93,5.84,overcast clouds
508,Lagoa,PT,39.05,-27.9833,69.76,84,28,19.48,scattered clouds
509,Azul,AR,-36.777,-59.8585,70.34,51,67,5.39,light rain
510,Kashan,IR,33.9831,51.4364,73.65,22,8,2.57,clear sky
511,Kruisfontein,ZA,-34.0033,24.7314,50.88,76,93,10.31,light rain
512,Mpophomeni,ZA,-29.5682,30.1862,46.31,97,100,2.89,light rain
513,Marsh Harbour,BS,26.5412,-77.0636,81.01,67,3,9.89,clear sky
514,Luba,GQ,3.4568,8.5547,79.29,81,71,3.02,broken clouds
515,Sao Joao Da Barra,BR,-21.6403,-41.0511,73.49,87,100,13.85,overcast clouds
516,Bubaque,GW,11.2833,-15.8333,82.29,75,45,7.07,moderate rain
517,Kampot,KH,10.6167,104.1833,77.05,93,100,5.03,overcast clouds
518,Veraval,IN,20.9,70.3667,79.79,71,92,12.84,overcast clouds
519,Chenghai,CN,23.4632,116.768,69.48,73,83,5.21,broken clouds
520,Sivagiri,IN,9.3333,77.4333,77.47,82,99,8.14,overcast clouds
521,San Jeronimo,PE,-11.9472,-75.2829,58.41,64,94,8.19,overcast clouds
522,Belaya Gora,RU,68.5333,146.4167,-1.62,99,76,2.8,broken clouds
523,Rettikhovka,RU,44.1683,132.7669,28.42,40,60,4.18,broken clouds
524,Tura,IN,25.5198,90.2201,72.88,84,97,3.56,overcast clouds
525,Srivardhan,IN,18.0333,73.0167,78.21,76,0,0.27,clear sky
526,Tupiza,BO,-21.45,-65.7167,77.72,2,72,23.8,broken clouds
527,Dingzhou,CN,38.5131,114.9956,44.38,76,8,4.65,clear sky
528,Mabaruma,GY,8.2,-59.7833,85.05,67,92,5.88,overcast clouds
529,Xichang,CN,27.8964,102.2634,58.15,92,93,2.86,overcast clouds
530,Katsuura,JP,35.1333,140.3,56.19,65,78,21.59,broken clouds
531,Aklavik,CA,68.2191,-135.0107,22.59,73,17,11.27,few clouds
532,Saint Augustine,US,29.8947,-81.3145,79.03,57,20,16.11,few clouds
533,Dubbo,AU,-32.25,148.6167,44.73,93,100,8.05,overcast clouds
534,Krasnoselkup,RU,65.7,82.4667,38.77,94,100,14.2,overcast clouds
535,Ilebo,CD,-4.3167,20.5833,76.17,82,100,2.35,overcast clouds
536,Emba,KZ,48.8264,58.1442,51.21,35,100,8.7,overcast clouds
537,Perth,AU,-31.9333,115.8333,52.03,93,0,5.75,mist
538,Harper,LR,4.375,-7.7169,78.48,84,34,5.82,scattered clouds
539,Pistsovo,RU,57.179,40.5298,40.3,88,99,10.2,overcast clouds
540,Wexford,IE,52.3342,-6.4575,60.53,97,100,10.4,overcast clouds
541,Kandalaksha,RU,67.162,32.4123,34.72,83,97,6.49,overcast clouds
542,Niamey,NE,13.5137,2.1098,89.46,35,67,15.95,broken clouds
543,Palana,RU,59.1167,159.9667,29.86,72,100,25.84,overcast clouds
544,Acarau,BR,-2.8856,-40.12,82.51,74,4,19.73,clear sky
545,Kirgiz-Miyaki,RU,53.6324,54.7979,50.07,48,100,4.63,light rain
546,Murgab,TM,37.4966,61.9714,51.67,46,0,0.0,clear sky
547,Sibolga,ID,1.7427,98.7792,74.35,95,100,1.59,overcast clouds
548,Husavik,IS,66.0449,-17.3389,34.45,86,100,15.73,light snow
549,Sitka,US,57.0531,-135.33,44.49,57,40,4.61,scattered clouds
550,Port Augusta,AU,-32.5,137.7667,53.74,58,85,1.63,overcast clouds
551,Khrebtovaya,RU,56.7032,104.2494,17.35,96,39,2.98,scattered clouds
552,Bathsheba,BB,13.2167,-59.5167,86.61,74,40,9.22,scattered clouds
553,Manbij,SY,36.5281,37.9549,63.37,73,0,15.82,clear sky
554,Kuching,MY,1.55,110.3333,77.22,94,40,2.3,scattered clouds
555,Mamaku,NZ,-38.1,176.0833,59.4,98,100,5.75,light rain
556,Labuan,MY,5.2767,115.2417,77.16,81,81,7.78,broken clouds
557,Oyama,JP,36.3,139.8,56.59,61,27,4.45,scattered clouds
558,Sao Sebastiao,BR,-23.76,-45.4097,68.36,94,100,5.28,overcast clouds
559,Kurumkan,RU,54.3,110.3,24.78,80,16,3.62,few clouds
560,Broni,IT,45.0655,9.2623,59.49,77,0,3.27,clear sky
561,Ukiah,US,39.1502,-123.2078,68.52,43,1,11.5,clear sky
562,Milkovo,RU,54.7167,158.6167,24.39,96,78,1.7,broken clouds
563,Adrar,MR,20.5022,-10.0711,89.1,10,88,7.61,overcast clouds
564,Sur,OM,22.5667,59.5289,80.26,41,0,6.85,clear sky
565,Laiwu,CN,36.1928,117.6569,41.92,63,0,4.61,clear sky
566,Naze,JP,28.3667,129.4833,70.07,70,100,13.73,overcast clouds
567,Chimbote,PE,-9.0853,-78.5783,67.1,78,57,10.56,broken clouds
568,Shebunino,RU,46.4339,141.8603,38.21,57,91,15.59,overcast clouds
569,Pangnirtung,CA,66.1451,-65.7125,32.16,58,18,5.1,few clouds
570,Avera,US,33.194,-82.5271,71.71,35,0,6.29,clear sky
571,Gigmoto,PH,13.7796,124.39,79.39,85,85,3.56,light rain
572,Wajid,SO,3.8093,43.2471,78.03,71,61,18.41,broken clouds
573,Salalah,OM,17.0151,54.0924,78.89,89,40,3.44,scattered clouds
574,Kunming,CN,25.0389,102.7183,52.41,90,36,2.89,scattered clouds
575,Carupano,VE,10.6678,-63.2585,87.87,66,100,15.1,overcast clouds
576,Tomatlan,MX,19.9333,-105.25,90.3,59,4,7.31,clear sky
577,Khandbari,NP,27.3747,87.2039,67.93,86,73,2.68,broken clouds
578,Santa Ines,BR,-3.6667,-45.38,84.87,61,79,4.09,broken clouds
579,Rio Grande,BR,-32.035,-52.0986,64.94,60,0,8.97,clear sky
580,Menongue,AO,-14.6585,17.691,70.16,23,18,3.24,few clouds
581,Mount Vernon,US,40.9126,-73.8371,65.12,56,75,5.01,broken clouds
582,Vao,NC,-22.6667,167.4833,72.72,88,4,11.52,clear sky
583,Samfya,ZM,-11.3649,29.5565,79.45,41,60,3.96,broken clouds
584,Domna,RU,51.8971,113.1573,24.96,80,6,4.47,clear sky
585,Thinadhoo,MV,0.5333,72.9333,82.4,77,94,14.25,overcast clouds
586,Hualmay,PE,-11.0964,-77.6139,66.56,77,100,10.11,overcast clouds
587,Shadegan,IR,30.6497,48.6647,85.69,12,9,12.77,clear sky
588,Sochi,RU,43.6,39.7303,64.49,81,100,7.27,overcast clouds
589,Boden,SE,65.8252,21.6886,37.4,78,100,11.99,overcast clouds
590,Katangli,RU,51.7102,143.2326,30.78,80,100,25.86,overcast clouds
591,Axim,GH,4.8699,-2.2405,79.5,85,12,9.91,few clouds
592,Shambu,ET,9.5667,37.1,49.77,76,0,3.76,clear sky
593,Kyra,RU,49.5776,111.9753,24.67,85,10,5.64,clear sky
594,Yeppoon,AU,-23.1333,150.7333,73.18,88,58,8.84,light rain
595,Amapa,BR,1.0,-52.0,90.55,46,53,5.37,broken clouds
596,Garden City,US,42.3256,-83.331,64.65,42,40,18.41,scattered clouds
597,Sterling,US,39.0062,-77.4286,63.91,50,75,1.01,broken clouds
598,Sorland,NO,67.667,12.6934,39.27,65,100,25.7,overcast clouds
599,Mae Chan,TH,20.1467,99.8526,66.78,84,78,3.22,broken clouds
600,Rapid Valley,US,44.0625,-103.1463,78.66,22,1,7.0,clear sky
601,Agutaya,PH,11.148,120.9417,83.46,78,10,15.61,clear sky
602,San Patricio,US,28.017,-97.5169,77.09,33,100,7.27,overcast clouds
603,Dakar,SN,14.6937,-17.4441,81.48,79,69,13.42,broken clouds
604,Sidhi,IN,24.4167,81.8833,77.13,83,86,5.75,overcast clouds
605,Traralgon,AU,-38.1833,146.5333,46.85,97,100,0.74,overcast clouds
606,Islamkot,PK,24.6997,70.177,83.3,13,1,9.44,clear sky
607,Poladpur,IN,17.9802,73.466,73.26,95,0,2.75,clear sky
608,Arsk,RU,56.0915,49.8778,42.58,77,100,11.1,overcast clouds
609,Garowe,SO,8.4054,48.4845,77.52,73,42,13.24,scattered clouds
610,Semey,KZ,50.4111,80.2275,39.0,60,22,4.03,few clouds
611,Cocobeach,GA,1.0002,9.5823,80.53,87,98,7.76,light rain
612,Tarko-Sale,RU,64.9225,77.785,39.54,92,100,16.28,overcast clouds
613,Khvoynaya,RU,58.9,34.5333,36.77,85,3,7.65,clear sky
614,Voloshka,RU,61.3314,40.0858,37.0,79,88,12.03,overcast clouds
615,Porto Seguro,BR,-16.4497,-39.0647,79.32,78,20,16.11,few clouds
616,Kloulklubed,PW,7.0419,134.2556,84.16,74,95,10.16,overcast clouds
617,Sarahan,IN,31.5167,77.8,50.63,93,100,6.33,overcast clouds
618,Newtownards,GB,54.5924,-5.6909,57.15,93,90,3.44,overcast clouds
619,Klaksvik,FO,62.2266,-6.589,45.52,77,100,24.09,overcast clouds
620,Malumfashi,NG,11.7853,7.6218,76.19,69,51,5.66,broken clouds
621,Barcelona,ES,41.3888,2.159,66.79,86,20,3.44,few clouds
622,Kemijarvi,FI,66.7131,27.4306,36.05,96,100,12.73,overcast clouds
623,Kavaratti,IN,10.5669,72.642,81.07,78,99,15.73,overcast clouds
624,Szentgotthard,HU,46.9526,16.2736,51.64,75,9,2.04,clear sky
625,Martapura,ID,-3.4167,114.85,75.29,100,94,3.44,overcast clouds
626,Chernyshevskiy,RU,63.0128,112.4714,25.93,93,100,11.05,light snow
627,Tautira,PF,-17.7333,-149.15,86.02,79,55,21.36,light rain
628,Mala,PE,-12.6581,-76.6308,68.32,75,88,8.57,overcast clouds
629,Gisborne,NZ,-38.6533,178.0042,61.95,96,100,6.76,overcast clouds
630,West Fargo,US,46.875,-96.9004,70.02,42,1,3.0,clear sky
631,Abu Kamal,SY,34.4506,40.9171,73.98,36,0,9.37,clear sky
632,Pakxan,LA,18.3778,103.6601,67.69,96,100,6.31,overcast clouds
633,Nyagan,RU,62.1406,65.3936,44.01,74,100,10.42,overcast clouds
634,Camachile,PH,14.6436,120.5808,81.18,82,42,10.76,scattered clouds
635,Yarada,IN,17.65,83.2667,80.92,94,75,2.3,mist
636,Oranjestad,AW,12.524,-70.027,89.55,66,20,11.5,few clouds
637,Dingwall,GB,57.5953,-4.4272,54.07,96,100,2.82,overcast clouds
638,Iglesias,IT,39.3114,8.535,62.02,82,27,1.74,scattered clouds
639,Pedernales,DO,18.0384,-71.744,83.55,73,91,3.58,overcast clouds
640,Bay Roberts,CA,47.5999,-53.2648,44.15,87,100,1.99,overcast clouds
641,San Cristobal,VE,7.7669,-72.225,80.78,63,99,4.92,overcast clouds
642,Besikduzu,TR,41.052,39.2284,62.49,87,72,2.53,broken clouds
643,Emerald,AU,-23.5333,148.1667,72.99,53,28,7.7,scattered clouds
644,Kodinsk,RU,58.6881,99.1844,29.23,90,48,3.13,scattered clouds
645,Playas,EC,-2.6333,-80.3833,74.93,77,64,17.49,broken clouds
646,Kautokeino,NO,69.0125,23.0412,32.86,85,100,20.94,overcast clouds
647,La Union,PE,-5.4,-80.75,80.98,49,69,16.08,broken clouds
648,Coro,VE,11.4045,-69.6734,85.87,72,48,12.41,scattered clouds
649,Severnyy,RU,50.677,36.5532,42.84,81,96,4.47,overcast clouds
650,Landerneau,FR,48.4525,-4.2525,59.77,91,0,6.91,clear sky
651,Laguna,US,38.421,-121.4238,79.23,32,1,4.0,clear sky
652,Yarmouth,US,41.7057,-70.2286,65.1,63,75,15.99,broken clouds
653,Aripuana,BR,-9.1667,-60.6333,85.8,61,80,5.5,broken clouds
654,Myaundzha,RU,63.0494,147.1858,-12.37,93,12,4.23,few clouds
655,Port-Gentil,GA,-0.7193,8.7815,78.35,82,79,12.01,broken clouds
656,Palu,ID,-0.8917,119.8707,75.11,93,15,3.42,few clouds
657,Kribi,CM,2.95,9.9167,77.83,87,67,4.18,light rain
658,Schleswig,DE,54.5167,9.55,50.76,96,100,6.91,moderate rain
659,Catuday,PH,16.2923,119.8062,79.12,80,96,8.55,overcast clouds
660,Terrasini,IT,38.146,13.0844,64.22,82,40,6.91,scattered clouds
661,Dodge City,US,37.7528,-100.0171,76.68,23,1,10.0,clear sky
662,Omboue,GA,-1.5746,9.2618,76.51,84,87,7.49,overcast clouds
663,Auki,SB,-8.7676,160.7034,77.65,84,77,3.51,broken clouds
664,Vestmanna,FO,62.1564,-7.1664,43.72,93,90,19.57,overcast clouds
665,Tairua,NZ,-37.0167,175.85,63.09,98,100,7.83,overcast clouds
666,Kholmskaya,RU,44.846,38.389,53.42,77,74,3.58,broken clouds
667,Najran,SA,17.4924,44.1277,70.97,21,8,2.24,clear sky
668,Inuvik,CA,68.3499,-133.7218,22.53,81,28,6.71,scattered clouds
669,Leningradskiy,RU,69.3833,178.4167,9.45,96,100,4.72,overcast clouds
670,Kyzyl-Suu,KG,42.3414,78.0056,42.89,45,0,7.2,clear sky
671,Ippy,CF,6.2679,21.2247,71.42,93,76,2.19,broken clouds
672,Nipawin,CA,53.3668,-104.0009,64.38,30,4,10.09,clear sky
673,Muzhi,RU,65.3667,64.6667,39.87,94,100,12.48,moderate rain
674,Suntar,RU,62.1444,117.6319,22.98,70,100,7.25,overcast clouds
675,Pueblo Bello,CO,8.2041,-76.526,85.05,72,95,1.83,overcast clouds
676,Abha,SA,18.2164,42.5053,62.85,19,0,4.61,clear sky
677,Inhambane,MZ,-23.865,35.3833,74.71,93,1,4.68,clear sky
678,Conde,BR,-7.2597,-34.9075,80.06,74,40,13.8,scattered clouds
679,Valparaiso,CL,-33.0393,-71.6273,73.63,42,0,13.8,clear sky
680,Dokri,PK,27.3743,68.0967,76.96,10,0,6.6,clear sky
681,Geraldton,AU,-28.7667,114.6,48.61,87,0,12.66,clear sky
682,Teofilo Otoni,BR,-17.8575,-41.5053,79.54,67,100,4.25,overcast clouds
683,Rawson,AR,-43.3002,-65.1023,55.62,50,0,13.78,clear sky
684,Dire Dawa,ET,9.5931,41.8661,72.57,31,35,2.15,scattered clouds
685,Port Hedland,AU,-20.3167,118.5667,66.25,94,32,8.05,scattered clouds
686,Vredendal,ZA,-31.6683,18.5012,57.74,61,0,13.06,clear sky
687,Bowling Green,US,36.9903,-86.4436,69.73,38,1,6.91,clear sky
688,Selenice,AL,40.5306,19.6358,62.2,76,92,1.03,overcast clouds
689,Buchanan,LR,5.8808,-10.0467,78.76,82,19,8.01,few clouds
690,Oistins,BB,13.0667,-59.5333,86.09,74,40,9.22,scattered clouds
691,Taebla,EE,58.9547,23.7419,45.99,71,16,12.68,few clouds
692,Prince Rupert,CA,54.3161,-130.3201,47.32,68,10,2.71,clear sky
693,Verkhniye Tatyshly,RU,56.2912,55.8575,41.58,68,100,7.18,overcast clouds
694,Mezen,RU,65.8522,44.24,36.09,97,100,9.24,overcast clouds
695,Caohai,CN,26.8661,104.2841,47.82,96,100,3.62,overcast clouds
696,Koygorodok,RU,60.445,50.9968,41.13,88,100,8.97,overcast clouds
697,Fort Nelson,CA,58.8053,-122.7002,39.63,62,34,1.21,scattered clouds
698,Puyang,CN,29.4603,119.8861,52.99,79,100,2.15,overcast clouds
699,Batagay-Alyta,RU,67.8006,130.4114,-5.64,86,72,3.85,broken clouds
700,Chapais,CA,49.7834,-74.8492,42.58,89,100,8.3,overcast clouds
701,Krasnogorsk,RU,55.8225,37.3181,45.18,87,40,8.95,scattered clouds
702,Mehtar Lam,AF,34.6714,70.2094,70.72,38,0,1.23,clear sky
703,Bilibino,RU,68.0546,166.4372,-8.61,98,100,3.4,overcast clouds
704,Shimoda,JP,34.6667,138.95,53.1,70,94,21.05,overcast clouds
705,Anadyr,RU,64.75,177.4833,26.01,73,100,15.01,overcast clouds
706,Ornskoldsvik,SE,63.2909,18.7153,40.15,70,0,13.8,clear sky
707,Arman,RU,59.7,150.1667,17.35,50,100,16.04,overcast clouds
708,Saint-Tite,CA,46.7334,-72.5658,56.37,62,42,10.76,scattered clouds
709,Qaracala,AZ,39.8132,48.9523,64.0,83,0,5.12,clear sky
710,Carrigaline,IE,51.8117,-8.3986,61.02,96,75,9.22,broken clouds
711,Kasane,BW,-17.8167,25.15,84.7,11,83,9.71,broken clouds
712,Santa Maria,BR,-29.6842,-53.8069,66.85,61,0,7.05,clear sky
713,Sorsk,RU,54.0033,90.2467,27.68,83,66,3.36,broken clouds
714,Maniitsoq,GL,65.4167,-52.9,34.12,48,0,6.22,clear sky
